-- phpMyAdmin SQL Dump
-- version 4.8.3
-- https://www.phpmyadmin.net/
--
-- Servidor: 127.0.0.1
-- Tiempo de generación: 03-01-2019 a las 13:21:53
-- Versión del servidor: 10.1.37-MariaDB
-- Versión de PHP: 7.2.12

SET SQL_MODE = "NO_AUTO_VALUE_ON_ZERO";
SET AUTOCOMMIT = 0;
START TRANSACTION;
SET time_zone = "+00:00";


/*!40101 SET @OLD_CHARACTER_SET_CLIENT=@@CHARACTER_SET_CLIENT */;
/*!40101 SET @OLD_CHARACTER_SET_RESULTS=@@CHARACTER_SET_RESULTS */;
/*!40101 SET @OLD_COLLATION_CONNECTION=@@COLLATION_CONNECTION */;
/*!40101 SET NAMES utf8mb4 */;

--
-- Base de datos: `aproquiry`
--

-- --------------------------------------------------------

--
-- Estructura de tabla para la tabla `acopio`
--

CREATE TABLE `acopio` (
  `idacopio` int(11) NOT NULL,
  `idestimacion` int(11) NOT NULL,
  `cantidad` int(11) NOT NULL,
  `fecha` datetime NOT NULL DEFAULT CURRENT_TIMESTAMP,
  `idusuario` int(11) NOT NULL,
  `nombre` varchar(75) NOT NULL,
  `estado` varchar(70) NOT NULL
) ENGINE=InnoDB DEFAULT CHARSET=latin1;

--
-- Volcado de datos para la tabla `acopio`
--

INSERT INTO `acopio` (`idacopio`, `idestimacion`, `cantidad`, `fecha`, `idusuario`, `nombre`, `estado`) VALUES
(20, 22, 10, '2019-01-01 14:32:35', 2, 'acopio', 'ACEPTADO'),
(21, 25, 10, '2019-01-01 14:34:59', 2, 'acopio 2', 'ACEPTADO'),
(24, 25, 0, '2019-01-02 11:35:15', 2, '', 'ACEPTADO'),
(26, 22, 10, '2019-01-02 16:17:37', 2, '', 'CREADO');

-- --------------------------------------------------------

--
-- Estructura de tabla para la tabla `comunidad`
--

CREATE TABLE `comunidad` (
  `idcomunidad` int(11) NOT NULL,
  `nombre` varchar(55) NOT NULL
) ENGINE=InnoDB DEFAULT CHARSET=latin1;

--
-- Volcado de datos para la tabla `comunidad`
--

INSERT INTO `comunidad` (`idcomunidad`, `nombre`) VALUES
(1, 'CAJHUATA'),
(2, 'CATUYO'),
(3, 'CAÑAVICOTA'),
(4, 'CHALHUA'),
(5, 'CHALLUMA'),
(6, 'CHITE'),
(7, 'COCHEVILLQUE'),
(8, 'JAYOCOTA'),
(9, 'JILSTATA'),
(10, 'JUPACOLLO'),
(11, 'LIPIPUGIO'),
(12, 'PUQUI'),
(13, 'QUITAMALLA'),
(14, 'RODEO'),
(15, 'SIGUALACA'),
(16, 'SONTURO'),
(17, 'TAMBO TAMBILLO');

-- --------------------------------------------------------

--
-- Estructura de tabla para la tabla `estimacion`
--

CREATE TABLE `estimacion` (
  `idestimacion` int(11) NOT NULL,
  `idsocio` int(11) NOT NULL,
  `idusuario` int(11) NOT NULL,
  `fecha` datetime NOT NULL DEFAULT CURRENT_TIMESTAMP,
  `cantidad` int(11) NOT NULL,
  `estado` varchar(25) NOT NULL DEFAULT 'CREADO',
  `tipo` varchar(35) NOT NULL
) ENGINE=InnoDB DEFAULT CHARSET=latin1;

--
-- Volcado de datos para la tabla `estimacion`
--

INSERT INTO `estimacion` (`idestimacion`, `idsocio`, `idusuario`, `fecha`, `cantidad`, `estado`, `tipo`) VALUES
(22, 33, 2, '2019-01-01 14:03:10', 200, 'ACEPTADO', 'BLANCA'),
(23, 40, 2, '2019-01-01 14:09:50', 100, 'CREADO', 'ROJA'),
(24, 36, 2, '2019-01-01 14:09:59', 50, 'ACEPTADO', 'NEGRA'),
(25, 37, 2, '2019-01-01 14:34:19', 20, 'ACEPTADO', 'BLANCA');

-- --------------------------------------------------------

--
-- Estructura de tabla para la tabla `gasto`
--

CREATE TABLE `gasto` (
  `idgasto` int(11) NOT NULL,
  `fecha` datetime NOT NULL DEFAULT CURRENT_TIMESTAMP,
  `cantidad` float NOT NULL,
  `nombre` varchar(255) NOT NULL,
  `idusuario` int(11) NOT NULL,
  `detalle` varchar(255) NOT NULL,
  `ncomprobante` int(11) NOT NULL
) ENGINE=InnoDB DEFAULT CHARSET=latin1;

--
-- Volcado de datos para la tabla `gasto`
--

INSERT INTO `gasto` (`idgasto`, `fecha`, `cantidad`, `nombre`, `idusuario`, `detalle`, `ncomprobante`) VALUES
(4, '2018-12-02 11:40:55', 12, 'MARTHA', 1, 'COMPRA CERVEZA', 123),
(5, '2018-12-04 06:06:42', 23, 'MART', 1, 'VENTAS', 343),
(6, '2018-12-31 09:11:48', 200, 'PEDRO ZUARES', 3, 'GASTOS POR USO DE MAQUINARIAS', 0);

-- --------------------------------------------------------

--
-- Estructura de tabla para la tabla `ingreso`
--

CREATE TABLE `ingreso` (
  `idingreso` int(11) NOT NULL,
  `fecha` datetime NOT NULL DEFAULT CURRENT_TIMESTAMP,
  `cantidad` float NOT NULL,
  `descripcion` varchar(255) NOT NULL,
  `idusuario` int(11) NOT NULL,
  `ncomprobante` int(11) NOT NULL,
  `nombre` varchar(75) NOT NULL
) ENGINE=InnoDB DEFAULT CHARSET=latin1;

--
-- Volcado de datos para la tabla `ingreso`
--

INSERT INTO `ingreso` (`idingreso`, `fecha`, `cantidad`, `descripcion`, `idusuario`, `ncomprobante`, `nombre`) VALUES
(5, '2018-12-02 11:39:58', 100, 'VENTA DE QUINUA', 1, 432, ''),
(6, '2018-12-04 06:05:12', 12, 'GAS', 1, 34, ''),
(7, '2018-12-31 09:06:07', 200, 'INGRESO CARGO DE PERSONAL', 3, 456, 'juanito alcachofa'),
(8, '2019-01-02 10:09:19', 23, 'GS', 1, 0, 'MART');

-- --------------------------------------------------------

--
-- Estructura de tabla para la tabla `menu`
--

CREATE TABLE `menu` (
  `idmenu` int(11) NOT NULL,
  `nombre` varchar(35) NOT NULL,
  `icono` varchar(35) NOT NULL,
  `url` varchar(35) NOT NULL
) ENGINE=InnoDB DEFAULT CHARSET=latin1;

--
-- Volcado de datos para la tabla `menu`
--

INSERT INTO `menu` (`idmenu`, `nombre`, `icono`, `url`) VALUES
(1, 'Agregar nuevo socio', 'fa-user', 'Socio'),
(2, 'Ver lista de socios', 'fa-eye', 'Versocio'),
(3, 'Eliminar Socio', 'fa-trash', 'Eliminarsocio'),
(4, 'Estimaciones <br> y acopios', 'fa-server', 'Estimaciones'),
(5, 'Registrar estimacion', 'fa fa-user', 'Estimaciones'),
(6, 'Aceptar Estimacion', 'fa fa-cog', 'Aceptar'),
(7, 'Ver estimacion', 'fas fa-eye', 'Verestimacion'),
(8, 'Regitrar acopio', 'fa fa-cloud-download', 'Acopio'),
(9, 'Ver cantidad acopiado', 'fa fa-eye', 'Veracopio'),
(10, 'Ver total acopiado', 'fa fa-commenting', 'Totalacopio'),
(11, 'Registrar ingresos ', 'fa fa-dollar', 'Ingresos'),
(12, 'Ver ingresos', 'fa fa-eye', 'Veringresos'),
(13, 'Registrar gastos', 'fa fa-usd', 'Gastos'),
(14, 'Ver gastos', 'fa fa-eye', 'Vergastos'),
(15, 'Ver Historial Acopio', 'fa fa-file', 'Historial');

-- --------------------------------------------------------

--
-- Estructura de tabla para la tabla `socio`
--

CREATE TABLE `socio` (
  `idsocio` int(11) NOT NULL,
  `nombreproductor` varchar(75) NOT NULL,
  `fechaingreso` datetime NOT NULL DEFAULT CURRENT_TIMESTAMP,
  `eliminar` datetime NOT NULL,
  `idcomunidad` int(11) NOT NULL,
  `idusuario` int(11) NOT NULL,
  `estado` varchar(35) NOT NULL,
  `ci` varchar(15) NOT NULL,
  `expedido` varchar(10) NOT NULL,
  `sexo` varchar(10) NOT NULL,
  `regional` varchar(50) NOT NULL,
  `estatus` varchar(50) NOT NULL,
  `codigoproductor` varchar(35) NOT NULL
) ENGINE=InnoDB DEFAULT CHARSET=latin1;

--
-- Volcado de datos para la tabla `socio`
--

INSERT INTO `socio` (`idsocio`, `nombreproductor`, `fechaingreso`, `eliminar`, `idcomunidad`, `idusuario`, `estado`, `ci`, `expedido`, `sexo`, `regional`, `estatus`, `codigoproductor`) VALUES
(20, 'MOREJON CONDO FRANS RONAL', '2018-12-02 11:34:58', '0000-00-00 00:00:00', 2, 1, 'ACEPTADO', '5722877', 'Or', 'MASCULINO', '102-APROQUIRY-CTY', 'ORGÁNICO', 'OR-102-14-01'),
(32, 'LUCAS VELIZ DANIEL SEVERINO', '2018-12-07 17:16:34', '0000-00-00 00:00:00', 2, 1, 'ACEPTADO', '3526581', 'Or', 'MASCULINO', '102-APROQUIRY-CT', 'ORGÁNICO', 'OR-102-14-03'),
(33, 'CONDO DE MOREJON NATALIA', '2018-12-07 17:19:26', '0000-00-00 00:00:00', 4, 1, 'ACEPTADO', '3080797', 'Or', 'FEMENINO', '102-APROQUIRY-CT', 'ORGÁNICO', 'OR-102-14-07'),
(35, 'MOREJON CONDO DACIO MAXIMO', '2018-12-07 22:14:47', '0000-00-00 00:00:00', 2, 1, 'ACEPTADO', '7343712', 'Or', 'MASCULINO', '102-APROQUIRY-CT', 'TRANSICIÓN 3', 'OR-102-14-04'),
(36, 'VELIZ VELIZ CARLOS ANGEL', '2018-12-07 22:17:34', '0000-00-00 00:00:00', 2, 1, 'ACEPTADO', '7409451', 'Or', 'MASCULINO', '102-APROQUIRY-CT', 'TRANSICIÓN 3', 'OR-102-14-05'),
(37, 'CORO MAMANI CRISPIN', '2018-12-07 22:27:47', '0000-00-00 00:00:00', 2, 1, 'ACEPTADO', '2734708', 'Or', 'MASCULINO', '102-APROQUIRY-CT', 'ORGÁNICO', 'OR-102-05-01'),
(38, 'CORO MAMANI SEGUNDINO', '2018-12-07 22:34:46', '0000-00-00 00:00:00', 2, 1, 'ACEPTADO', '5779751', 'Or', 'MASCULINO', '102-APROQUIRY-CT', 'ORGÁNICO', 'OR-102-05-02'),
(39, 'POMA MAMAN! TEODORO', '2018-12-07 22:38:55', '0000-00-00 00:00:00', 2, 1, 'ACEPTADO', '2861040', 'Cbba', 'MASCULINO', '102-APROQUIRY-CT', 'ORGÁNICO', 'OR-102-05-03'),
(40, 'POMA MAMANI CANDIDO', '2018-12-07 22:43:21', '0000-00-00 00:00:00', 2, 1, 'ACEPTADO', '4035444', 'Or', 'MASCULINO', '102-APROQUIRY-CT', 'ORGÁNICO', 'OR-1O2-05-O4'),
(41, 'POMA HUARACHI JESUS', '2018-12-07 22:58:49', '0000-00-00 00:00:00', 2, 1, 'ACEPTADO', '5779603', 'Or', 'MASCULINO', '102-APROQUIRY-CT', 'ORGÁNICO', 'OR-102-Q5-05'),
(42, 'MAMANI CORO ELISEO', '2018-12-07 23:26:25', '0000-00-00 00:00:00', 2, 1, 'ACEPTADO', '2993927', 'Sc', 'MASCULINO', '102-APROQUIRY-CT', 'ORGÁNICO', 'OR-102-05-06'),
(44, 'CORO MAMANI FLORIAN', '2018-12-08 05:15:52', '0000-00-00 00:00:00', 2, 1, 'ACEPTADO', '609486', 'Or', 'MASCULINO', '102-APROQUIRY-CT', 'ORGÁNICO', 'OR-102-05-07'),
(45, 'CORO VELIZ DE ARCAINE OTILIA', '2018-12-08 05:23:13', '0000-00-00 00:00:00', 2, 1, 'ACEPTADO', '685704', 'Or', 'MASCULINO', '102-APROQUIRY-CT', 'ORGÁNICO', 'OR-102-05-11'),
(46, 'NINA VILLCA ABUNDIO', '2018-12-08 05:25:38', '0000-00-00 00:00:00', 2, 1, 'ACEPTADO', '393190', 'Lp', 'FEMENINO', '102-APROQUIRY-CT', 'ORGÁNICO', 'OR-102-05-09'),
(47, 'POMA MAMANI NOLASCO', '2018-12-08 05:26:35', '0000-00-00 00:00:00', 2, 1, 'ACEPTADO', '3055972', 'Or', 'MASCULINO', '102-APROQUIRY-CT', 'ORGÁNICO', 'OR-102-05-08'),
(48, 'CORO MAMANI CIPRIAN', '2018-12-08 05:28:26', '0000-00-00 00:00:00', 2, 1, 'ACEPTADO', '1D56662', 'Or', 'MASCULINO', '102-APROQUIRY-CT', 'ORGÁNICO', 'OR-102-05-13'),
(49, 'CORO ARCAYNE EFRAIN', '2018-12-08 05:29:25', '0000-00-00 00:00:00', 2, 1, 'ACEPTADO', '4078279', 'Or', 'MASCULINO', '102-APROQUIRY-CT', 'ORGÁNICO', 'OR-102-05-20'),
(50, 'CORO VILLCA FELIX BENANCIO', '2018-12-08 05:30:23', '0000-00-00 00:00:00', 2, 1, 'ACEPTADO', '4054530', 'Or', 'MASCULINO', '102-APROQUIRY-CT', 'ORGÁNICO', 'OR-102-05-14'),
(51, 'POMA HUARACHI NELSON', '2018-12-08 05:31:18', '0000-00-00 00:00:00', 2, 1, 'ACEPTADO', '4070897', 'Or', 'MASCULINO', '102-APROQUIRY-CT', 'ORGÁNICO', 'OR-102-05-12'),
(52, 'MAMANI CORO DONATO', '2018-12-08 05:32:20', '0000-00-00 00:00:00', 2, 1, 'ACEPTADO', '1533623', 'Sc', 'MASCULINO', '102-APROQUIRY-CT', 'ORGÁNICO', 'OR-102-05-15'),
(53, 'QUISPE CORO EDWIN', '2018-12-08 05:33:38', '0000-00-00 00:00:00', 2, 1, 'ACEPTADO', '2783905', 'Or', 'MASCULINO', '102-APROQUIRY-CT', 'ORGÁNICO', 'OR-102-05-16'),
(54, 'QUISPE MOREIRA JHONNY', '2018-12-08 05:34:43', '0000-00-00 00:00:00', 2, 1, 'ACEPTADO', '7265430', 'Or', 'MASCULINO', '102-APROQUIRY-CT', 'ORGÁNICO', 'OR-102-05-17'),
(55, 'CORO NINA DE QUISPE VIRGINIA', '2018-12-08 05:35:52', '0000-00-00 00:00:00', 2, 1, 'ACEPTADO', '5066193', 'Or', 'FEMENINO', '102-APROQUIRY-CT', 'ORGÁNICO', 'OR-1O2-05-18'),
(56, 'NINA POMA VIDAL', '2018-12-08 05:38:01', '0000-00-00 00:00:00', 2, 1, 'ACEPTADO', '3062814', 'Or', 'MASCULINO', '102-APROQUIRY-CT', 'ORGÁNICO', 'OR-102-05-19'),
(57, 'MAMANI RAMOS DELIA', '2018-12-08 05:39:06', '0000-00-00 00:00:00', 3, 1, 'ACEPTADO', '6220549', 'Sc', 'MASCULINO', '102-APROQUIRY-CT', 'ORGÁNICO', 'OR-102-05-10'),
(58, 'IGNACIO MOREJON GRACIELA', '2018-12-08 05:44:17', '0000-00-00 00:00:00', 3, 1, 'ACEPTADO', '5730029', 'Or', 'FEMENINO', '102-APROQUIRY-CT', 'ORGÁNICO', 'OR-102-10-01'),
(59, 'IGNACIO MOREJON WALTER', '2018-12-08 05:47:28', '0000-00-00 00:00:00', 3, 1, 'ACEPTADO', '3587302', 'Cbba', 'MASCULINO', '102-APROQUIRY-CT', 'ORGÁNICO', 'OR-102-10-02'),
(60, 'IGNACIO NINA LUCIO', '2018-12-08 05:48:23', '0000-00-00 00:00:00', 3, 1, 'ACEPTADO', '2761829', 'Or', 'MASCULINO', '102-APROQUIRY-CT', 'ORGÁNICO', 'OR-102-10-03'),
(61, 'IGNACIO HUAYLLANI ARMANDO', '2018-12-08 05:49:38', '0000-00-00 00:00:00', 3, 1, 'ACEPTADO', '5775934', 'Or', 'MASCULINO', '102-APROQUIRY-CT', 'ORGÁNICO', 'OR-102-10-04'),
(62, 'IGNACIO HUAYLLANI FRANZ', '2018-12-08 05:50:33', '0000-00-00 00:00:00', 3, 1, 'ACEPTADO', '7278720', 'Or', 'MASCULINO', '102-APROQUIRY-CT', 'ORGÁNICO', 'OR-102-10-05'),
(64, 'HUARACHI NINA DE QUISPE BEATRIZ', '2018-12-08 05:53:03', '0000-00-00 00:00:00', 4, 1, 'ACEPTADO', '2783920', 'Or', 'FEMENINO', '102-APROQUIRY-CT', 'ORGÁNICO', 'OR-102-04-02'),
(65, 'MAMANI GUTIERREZ VICENTE', '2018-12-08 05:54:13', '0000-00-00 00:00:00', 4, 1, 'ACEPTADO', '1566253', 'Sc', 'MASCULINO', '102-APROQUIRY-CT', 'ORGÁNICO', 'OR-102-04-03'),
(66, 'CRUZ CARI LEONCIO', '2018-12-08 05:55:22', '0000-00-00 00:00:00', 4, 1, 'ACEPTADO', '685663', 'Or', 'MASCULINO', '102-APROQUIRY-CT', 'ORGÁNICO', 'OR-102-04-04'),
(67, 'NINA ONOFRE RENE', '2018-12-08 05:56:28', '0000-00-00 00:00:00', 4, 1, 'ACEPTADO', '1842464', 'Tj', 'MASCULINO', '102-APROQUIRY-CT', 'ORGÁNICO', 'OR-102-04-05'),
(68, 'VELIZ HUARACHI RAMIRO', '2018-12-08 05:57:42', '0000-00-00 00:00:00', 4, 1, 'ACEPTADO', '5772414', 'Or', 'MASCULINO', '102-APROQUIRY-CT', 'ORGÁNICO', 'OR-102-04-06'),
(69, 'HUAYLLANI CHAMBI ADOLFO', '2018-12-08 05:59:03', '0000-00-00 00:00:00', 4, 1, 'ACEPTADO', '4042290', 'Or', 'MASCULINO', '102-APROQUIRY-CT', 'ORGÁNICO', 'OR-102-04-07'),
(70, 'DELOS HUARACHI NICOLAS', '2018-12-08 06:00:48', '0000-00-00 00:00:00', 4, 1, 'ACEPTADO', '685728', 'Or', 'MASCULINO', '102-APROQUIRY-CT', 'ORGÁNICO', 'OR-102-04-08'),
(71, 'NINA ONOFRE GERMAN RICHARD', '2018-12-08 06:02:29', '0000-00-00 00:00:00', 4, 1, 'ACEPTADO', '2734713', 'Or', 'MASCULINO', '102-APROQUIRY-CT', 'TRANSICIÓN 1', 'OR-1O2-04-O9'),
(72, 'MAMANI HUARACHI MADENCIO', '2018-12-08 06:05:31', '0000-00-00 00:00:00', 4, 1, 'ACEPTADO', '4069253', 'Or', 'MASCULINO', '102-APROQUIRY-CT', 'ORGÁNICO', 'OR-102-04-10'),
(73, 'DELOS CORO SAINT SANDRO', '2018-12-08 06:07:48', '0000-00-00 00:00:00', 4, 1, 'ACEPTADO', '4992082', 'Or', 'MASCULINO', '102-APROQUIRY-CT', 'ORGÁNICO', 'OR-102-04-20'),
(74, 'MAMANI HUARACHI CLENIO', '2018-12-08 06:08:39', '0000-00-00 00:00:00', 4, 1, 'ACEPTADO', '7299908', 'Or', 'MASCULINO', '102-APROQUIRY-CT', 'ORGÁNICO', 'OR-102-04-11'),
(75, 'MAMANI VELIZ RAUL', '2018-12-08 06:09:46', '0000-00-00 00:00:00', 4, 1, 'ACEPTADO', '5748158', 'Or', 'MASCULINO', '102-APROQUIRY-CT', 'ORGÁNICO', 'OR-102-04-12'),
(76, 'NINA LUCANA REASMANI NELZON', '2018-12-08 06:10:55', '0000-00-00 00:00:00', 4, 1, 'ACEPTADO', '5779859', 'Or', 'MASCULINO', '102-APROQUIRY-CT', 'ORGÁNICO', 'OR-102-04-26'),
(77, 'MAMANI HUARACHI FAUSTO', '2018-12-08 06:11:56', '0000-00-00 00:00:00', 4, 1, 'ACEPTADO', '5061920', 'Or', 'MASCULINO', '102-APROQUIRY-CT', 'ORGÁNICO', 'OR-102-04-13'),
(78, 'MAMANI CHOQUE CRISOSTOMO', '2018-12-08 06:12:54', '0000-00-00 00:00:00', 4, 1, 'ACEPTADO', '5744270', 'Or', 'MASCULINO', '102-APROQUIRY-CT', 'ORGÁNICO', 'OR-102-04-14'),
(79, 'MAMANI CHOQUE LUCIO', '2018-12-08 06:14:09', '0000-00-00 00:00:00', 4, 1, 'ACEPTADO', '4073246', 'Or', 'MASCULINO', '102-APROQUIRY-CT', 'ORGÁNICO', 'OR-102-04-15'),
(80, 'VASQUEZ HUARACHI NEMION', '2018-12-08 06:15:08', '0000-00-00 00:00:00', 4, 1, 'ACEPTADO', '668673', 'Or', 'MASCULINO', '102-APROQUIRY-CT', 'ORGÁNICO', 'OR-102-04-16'),
(81, 'VASQUEZ HUARACHI ADELA', '2018-12-08 06:16:18', '0000-00-00 00:00:00', 4, 1, 'ACEPTADO', '7333110', 'Or', 'FEMENINO', '102-APROQUIRY-CT', 'ORGÁNICO', 'OR-102-04-17'),
(82, 'VELIZ HUAYLLANI MARIO', '2018-12-08 06:17:16', '0000-00-00 00:00:00', 4, 1, 'ACEPTADO', '4074486', 'Or', 'MASCULINO', '102-APROQUIRY-CT', 'ORGÁNICO', 'OR-102-04-18'),
(83, 'VELIZ HUAYLLANI AUGUSTO', '2018-12-08 07:39:52', '0000-00-00 00:00:00', 4, 1, 'ACEPTADO', '5743305', 'Or', 'MASCULINO', '102-APROQUIRY-CT', 'ORGÁNICO', 'OR-102-04-19'),
(84, 'VELIZ HUAYLLANI SIMEON', '2018-12-08 07:40:40', '0000-00-00 00:00:00', 4, 1, 'ACEPTADO', '5721199', 'Or', 'MASCULINO', '102-APROQUIRY-CT', 'ORGÁNICO', 'OR-102-04-21'),
(85, 'MAMANI HUARACHI HERNAN', '2018-12-08 07:41:53', '0000-00-00 00:00:00', 4, 1, 'ACEPTADO', '5721458', 'Or', 'MASCULINO', '102-APROQUIRY-CT', 'ORGÁNICO', 'OR-102-04-22'),
(86, 'VELIZ HUAYLLANI ANGEL', '2018-12-08 07:42:38', '0000-00-00 00:00:00', 4, 1, 'ACEPTADO', '3074010', 'Or', 'MASCULINO', '102-APROQUIRY-CT', 'ORGÁNICO', 'OR-102-04-23'),
(87, 'VELIZ LOPEZ SANDRO', '2018-12-08 07:44:08', '0000-00-00 00:00:00', 4, 1, 'ACEPTADO', '7378905', 'Or', 'MASCULINO', '102-APROQUIRY-CT', 'ORGÁNICO', 'OR-102-04-24'),
(88, 'GUTIERREZ HUARACHI WILDER ABSOLON', '2018-12-08 07:45:12', '0000-00-00 00:00:00', 4, 1, 'ACEPTADO', '3533300', 'Or', 'MASCULINO', '102-APROQUIRY-CT', 'ORGÁNICO', 'OR-102-04-25'),
(89, 'HUARACHI ABUNDIO', '2018-12-08 07:46:17', '0000-00-00 00:00:00', 4, 1, 'ACEPTADO', '3101434', 'Or', 'MASCULINO', '102-APROQUIRY-CT', 'ORGÁNICO', 'OR-102-04-28'),
(90, 'GUTIERREZ MOLINA DANIEL', '2018-12-08 07:47:07', '0000-00-00 00:00:00', 4, 1, 'ACEPTADO', '3116457', 'Or', 'MASCULINO', '102-APROQUIRY-CT', 'ORGÁNICO', 'OR-102-04-29'),
(91, 'HUARACHI VELIZ ELWIS ROLY', '2018-12-08 07:48:08', '0000-00-00 00:00:00', 4, 1, 'ACEPTADO', '4047497', 'Or', 'MASCULINO', '102-APROQUIRY-CT', 'ORGÁNICO', 'OR-102-04-27'),
(92, 'VELIZ HUARACHI SOLER', '2018-12-08 07:49:18', '0000-00-00 00:00:00', 4, 1, 'ACEPTADO', '5754144', 'Or', 'MASCULINO', '102-APROQUIRY-CT', 'ORGÁNICO', 'OR-102-04-30'),
(93, 'GUTIERREZ HUARACHI CARLOS EDGAR', '2018-12-08 07:50:48', '0000-00-00 00:00:00', 4, 1, 'ACEPTADO', '3547516', 'Or', 'MASCULINO', '102-APROQUIRY-CT', 'TRANSICÍÓN 1', 'OR-102-04-31'),
(94, 'GARCIA HUAYLLANI LAUREANO', '2018-12-08 07:59:38', '0000-00-00 00:00:00', 5, 1, 'ACEPTADO', '612653', 'Or', 'MASCULINO', '102-APROQUIRY-CT', 'ORGÁNICO', 'OR-102-01-01'),
(95, 'MAMANI GARCIA ELIODORO	', '2018-12-08 08:00:58', '0000-00-00 00:00:00', 5, 1, 'ACEPTADO', '1327686', 'Pt', 'MASCULINO', '102-APROQUIRY-CT', 'ORGÁNICO', 'OR-102-01-02'),
(96, 'GARCIA ARCAYNE ZACARIAS', '2018-12-08 08:01:57', '0000-00-00 00:00:00', 5, 1, 'ACEPTADO', '7352884', 'Or', 'MASCULINO', '102-APROQUIRY-CT', 'ORGÁNICO', 'OR-102-01-03'),
(97, 'GARCIA GARCIA WILLIAMS', '2018-12-08 08:03:23', '0000-00-00 00:00:00', 5, 1, 'ACEPTADO', '3552912', 'Or', 'MASCULINO', '102-APROQUIRY-CT', 'ORGÁNICO', 'OR-102-01-04'),
(98, 'GARCIA GARCIA LONGINO', '2018-12-08 08:04:21', '0000-00-00 00:00:00', 5, 1, 'ACEPTADO', '3086148', 'Or', 'MASCULINO', '102-APROQUIRY-CT', 'ORGÁNICO', 'OR-102-01-05'),
(99, 'GARCIA MAMANI DECIDERIO	', '2018-12-08 08:05:29', '0000-00-00 00:00:00', 5, 1, 'ACEPTADO', '6637846', 'Pt', 'MASCULINO', '102-APROQUIRY-CT', 'ORGÁNICO', 'OR-102-01-06'),
(100, 'GARCIA MAMANI MARIO ROLON', '2018-12-08 08:06:34', '0000-00-00 00:00:00', 5, 1, 'ACEPTADO', '3525542', 'Or', 'MASCULINO', '102-APROQUIRY-CT', 'ORGÁNICO', 'OR-102-01-07'),
(101, 'GARCIA HUARACHI GALO REYNALDO', '2018-12-08 08:11:33', '0000-00-00 00:00:00', 5, 1, 'ACEPTADO', '3973505', 'Pt', 'MASCULINO', '102-APROQUIRY-CT', 'ORGÁNICO', 'OR-102-01-08'),
(102, 'GARCIA CHUNGARA VICTOR', '2018-12-08 08:12:27', '0000-00-00 00:00:00', 5, 1, 'ACEPTADO', '669122', 'Or', 'MASCULINO', '102-APROQUIRY-CT', 'ORGÁNICO', 'OR-102-01-09'),
(103, 'GARCIA VELIZ ROLANDO', '2018-12-08 08:29:48', '0000-00-00 00:00:00', 5, 1, 'ACEPTADO', '5754214', 'Or', 'MASCULINO', '102-APROQUIRY-CT', 'ORGÁNICO', 'OR-102-01-20'),
(104, 'GARCIA MAMANI HERNAN', '2018-12-08 08:30:46', '0000-00-00 00:00:00', 5, 1, 'ACEPTADO', '7417396', 'Or', 'MASCULINO', '102-APROQUIRY-CT', 'ORGÁNICO', 'OR-102-01-21'),
(105, 'GARCIA BERNAL GROVER', '2018-12-08 08:31:40', '0000-00-00 00:00:00', 5, 1, 'ACEPTADO', '5766040', 'Or', 'MASCULINO', '102-APROQUIRY-CT', 'ORGÁNICO', 'OR-102-01-10'),
(106, 'VILLCA NINA BERNARDINO', '2018-12-08 08:32:26', '0000-00-00 00:00:00', 5, 1, 'ACEPTADO', '2754731', 'Or', 'MASCULINO', '102-APROQUIRY-CT', 'ORGÁNICO', 'OR-102-01-11'),
(108, 'VILLCA GARCIA JHONNY', '2018-12-08 08:34:12', '0000-00-00 00:00:00', 5, 1, 'ACEPTADO', '4072476', 'Or', 'MASCULINO', '102-APROQUIRY-CT', 'ORGÁNICO', 'OR-102-01-12'),
(109, 'GARCIA POMA RENE REYNALDO', '2018-12-08 08:35:17', '0000-00-00 00:00:00', 5, 1, 'ACEPTADO', '7352887', 'Or', 'MASCULINO', '102-APROQUIRY-CT', 'ORGÁNICO', 'OR-102-01-14'),
(110, 'GARCIA VILLCA DAVID', '2018-12-08 08:37:03', '0000-00-00 00:00:00', 5, 1, 'ACEPTADO', '7264665', 'Or', 'MASCULINO', '102-APROQUIRY-CT', 'ORGÁNICO', 'OR-102-01-15'),
(111, 'GARCIA ARCAYNE FRANSISCO', '2018-12-08 08:38:22', '0000-00-00 00:00:00', 5, 1, 'ACEPTADO', '4053261', 'Or', 'MASCULINO', '102-APROQUIRY-CT', 'ORGÁNICO', 'OR-102-01-16'),
(112, 'GARCIA MAMANI MIJAHEL', '2018-12-08 08:39:16', '0000-00-00 00:00:00', 5, 1, 'ACEPTADO', '7301574', 'Or', 'MASCULINO', '102-APROQUIRY-CT', 'ORGÁNICO', 'OR-102-01-17'),
(113, 'GARCIA NINA MARIN', '2018-12-08 08:40:17', '0000-00-00 00:00:00', 5, 1, 'ACEPTADO', '7366469', 'Or', 'MASCULINO', '102-APROQUIRY-CT', 'ORGÁNICO', 'OR-102-01-18'),
(114, 'GARCIA HUAYLLANI EUGENIO', '2018-12-08 08:41:20', '0000-00-00 00:00:00', 5, 1, 'ACEPTADO', '6667416', 'Pt', 'MASCULINO', '102-APROQUIRY-CT', 'ORGÁNICO', 'OR-102-01-23'),
(115, 'GARCIA CRUZ CHRISTIAN', '2018-12-08 08:42:13', '0000-00-00 00:00:00', 5, 1, 'ACEPTADO', '7319904', 'Or', 'MASCULINO', '102-APROQUIRY-CT', 'ORGÁNICO', 'OR-102-01-19'),
(116, 'NINA COLQUILLO VDA. DE GARCIA SIMONA', '2018-12-08 08:43:35', '0000-00-00 00:00:00', 5, 1, 'ACEPTADO', '1990555', 'Sc', 'FEMENINO', '102-APROQUIRY-CT', 'ORGÁNICO', 'OR-102-01-25'),
(117, 'GARCIA MAMANI CARLOS', '2018-12-08 08:44:35', '0000-00-00 00:00:00', 5, 1, 'ACEPTADO', '3373590', 'Lp', 'MASCULINO', '102-APROQUIRY-CT', 'ORGÁNICO', 'OR-102-01-30'),
(118, 'GARCIA VELIZ LIBORIO', '2018-12-08 08:46:02', '0000-00-00 00:00:00', 5, 1, 'ACEPTADO', '5754261', 'Or', 'MASCULINO', '102-APROQUIRY-CT', 'TRASICIÓN', 'OR-102-01-22'),
(119, 'GARCIA COLQUE ANACLETO', '2018-12-08 09:10:02', '0000-00-00 00:00:00', 5, 1, 'ACEPTADO', '2767105', 'Or', 'MASCULINO', '102-APROQUIRY-CT', 'TRANSICIÓN 3', 'OR-102-01-24'),
(120, 'GARCIA MARAZA OSCAR', '2018-12-08 09:11:00', '0000-00-00 00:00:00', 5, 1, 'ACEPTADO', '3098853', 'Or', 'MASCULINO', '102-APROQUIRY-CT', 'TRANSICIÓN 2', 'OR-102-01-26'),
(121, 'GARCIA VILLCA MERARDO', '2018-12-08 09:11:54', '0000-00-00 00:00:00', 5, 1, 'ACEPTADO', '2787785', 'Or', 'MASCULINO', '102-APROQUIRY-CT', 'TRANSICIÓN 2', 'OR-102-01-27'),
(122, 'GARCIA GARCIA HERCULIANO', '2018-12-08 09:13:35', '0000-00-00 00:00:00', 5, 1, 'ACEPTADO', '504260', 'Or', 'MASCULINO', '102-APROQUIRY-CT', 'TRANSICIÓN 2', 'OR-102-01-28'),
(123, 'GARCIA CHAMBI CRISTINA JEANETTE', '2018-12-08 09:14:41', '0000-00-00 00:00:00', 5, 1, 'ACEPTADO', '8693041', 'Cbba', 'FEMENINO', '102-APROQUIRY-CT', 'TRANSICIÓN 2', 'Transición 2'),
(124, 'MAMANI GARCIA ISMAEL CANDIDO', '2018-12-08 09:15:45', '0000-00-00 00:00:00', 6, 1, 'ACEPTADO', '3545553', 'Or', 'MASCULINO', '102-APROQUIRY-CT', 'ORGÁNICO', 'OR-102-16-01'),
(125, 'GARCIA HUARACHI ISIDORO', '2018-12-08 09:16:40', '0000-00-00 00:00:00', 6, 1, 'ACEPTADO', '1236062', 'Pt', 'MASCULINO', '102-APROQUIRY-CT', 'ORGÁNICO', 'OR-102-16-02'),
(126, 'GARCIA SILVETTY EDDY', '2018-12-08 09:17:57', '0000-00-00 00:00:00', 6, 1, 'ACEPTADO', '3679886', 'Lp', 'MASCULINO', '102-APROQUIRY-CT', 'ORGÁNICO', 'OR-102-16-Q6'),
(127, 'GARCIA GARCIA NICOLAS', '2018-12-08 09:18:51', '0000-00-00 00:00:00', 6, 1, 'ACEPTADO', '13029947', 'Or', 'MASCULINO', '102-APROQUIRY-CT', 'ORGÁNICO', 'OR-102-16-04'),
(128, 'GARCIA GARCIA ADOLFO', '2018-12-08 09:19:45', '0000-00-00 00:00:00', 6, 1, 'ACEPTADO', '4059281', 'Or', 'MASCULINO', '102-APROQUIRY-CT', 'ORGÁNICO', 'OR-102-16-05'),
(129, 'PUMA TARQUI MARTHA', '2018-12-08 09:20:43', '0000-00-00 00:00:00', 6, 1, 'ACEPTADO', '3696663', 'Pt', 'FEMENINO', '102-APROQUIRY-CT', 'ORGÁNICO', 'OR-102-16-03'),
(130, 'MAMANI RIMBER CIPRIAN', '2018-12-08 09:22:04', '0000-00-00 00:00:00', 7, 1, 'ACEPTADO', '5722878', 'Or', 'MASCULINO', '102-APROQUIRY-CT', 'ORGÁNICO', 'OR-102-12-02'),
(131, 'HUARACHI MAMANI ZENON CARLOS', '2018-12-08 09:23:28', '0000-00-00 00:00:00', 7, 1, 'ACEPTADO', '3554548', 'Or', 'MASCULINO', '102-APROQUIRY-CT', 'ORGÁNICO', 'OR-102-12-01'),
(132, 'HUARACHI MAMANI SILVIA', '2018-12-08 09:25:03', '0000-00-00 00:00:00', 7, 1, 'ACEPTADO', '7344780', 'Or', 'FEMENINO', '102-APROQUIRY-CT', 'ORGÁNICO', 'OR-102-12-03'),
(133, 'NINA FERNANDEZ VDA: DE VILLCA HORTENCIA', '2018-12-08 09:27:06', '0000-00-00 00:00:00', 7, 1, 'ACEPTADO', '5748662', 'Or', 'FEMENINO', '102-APROQUIRY-CT', 'TRANSICIÓN 2', 'OR-102-12-04'),
(134, 'VILLCA QUISPE WALTER NEMESIO', '2018-12-08 09:28:20', '0000-00-00 00:00:00', 7, 1, 'ACEPTADO', '3975771', 'Pt', 'MASCULINO', '102-APROQUIRY-CT', 'TRANSICIÓN 1', 'OR-102-12-05'),
(135, 'VASQUEZ RAMOS ISMAEL', '2018-12-08 11:15:06', '0000-00-00 00:00:00', 8, 1, 'ACEPTADO', '2736114', 'Or', 'MASCULINO', '102-APROQUIRY-CT', 'ORGÁNICO', 'OR-102-07-01'),
(136, 'NINA ARCAYNE VDA. DE VASQUEZ BENIGNA', '2018-12-08 11:16:21', '0000-00-00 00:00:00', 8, 1, 'ACEPTADO', '1238708', 'Pt', 'FEMENINO', '102-APROQUIRY-CT', 'ORGÁNICO', 'OR-102-07-02'),
(137, 'VASQUEZ NINA ADRIANA', '2018-12-08 11:17:21', '0000-00-00 00:00:00', 8, 1, 'ACEPTADO', '3048833', 'Or', 'FEMENINO', '102-APROQUIRY-CT', 'ORGÁNICO', 'OR-102-07-03'),
(138, 'VASQUEZ ARCAYNE MAMERTO', '2018-12-08 11:18:18', '0000-00-00 00:00:00', 8, 1, 'ACEPTADO', '685691', 'Or', 'MASCULINO', '102-APROQUIRY-CT', 'ORGÁNICO', 'OR-102-07-04'),
(139, 'VASQUEZ GONZALES PELAGIA', '2018-12-08 11:19:17', '0000-00-00 00:00:00', 8, 1, 'ACEPTADO', '653342', 'Or', 'FEMENINO', '102-APROQUIRY-CT', 'ORGÁNICO', 'OR-102-07-05'),
(140, 'HUAYLLANI VASQUEZ ABAD WALDO', '2018-12-08 11:20:25', '0000-00-00 00:00:00', 8, 1, 'ACEPTADO', '3536561', 'Or', 'MASCULINO', '102-APROQUIRY-CT', 'TRANSICIÓN 2', 'OR-102-07-06'),
(141, 'FLORES JANCO CLETO', '2018-12-08 11:21:33', '0000-00-00 00:00:00', 8, 1, 'ACEPTADO', '4044665', 'Or', 'MASCULINO', '102-APROQUIRY-CT', 'TRANSICIÓN 2', 'OR-102-07-07'),
(142, 'MAMANI NINA GERMAN', '2018-12-08 11:23:17', '0000-00-00 00:00:00', 9, 1, 'ACEPTADO', '2327680', 'Lp', 'MASCULINO', '102-APROQUIRY-CT', 'ORGÁNICO', 'OR-102-08-01'),
(143, 'CANAVIRI CHOQUETOPA ASTENIA ROXANA', '2018-12-08 11:26:40', '0000-00-00 00:00:00', 9, 1, 'ACEPTADO', '7273028', 'Or', 'FEMENINO', '102-APROQUIRY-CT', 'ORGÁNICO', 'OR-102-08-02'),
(144, 'NINA CARI ERNESTO', '2018-12-08 11:47:06', '0000-00-00 00:00:00', 9, 1, 'ACEPTADO', '2769815', 'Or', 'MASCULINO', '102-APROQUIRY-CT', 'ORGÁNICO', 'OR-102-08-03'),
(145, 'GUTIERREZ MAMANI DIONISIA', '2018-12-08 11:48:14', '0000-00-00 00:00:00', 9, 1, 'ACEPTADO', '4031407', 'Or', 'FEMENINO', '102-APROQUIRY-CT', 'ORGÁNICO', 'OR-102-08-04'),
(146, 'NINA GUTIERREZ RAUL', '2018-12-08 11:49:02', '0000-00-00 00:00:00', 9, 1, 'ACEPTADO', '3074525', 'Or', 'MASCULINO', '102-APROQUIRY-CT', 'ORGÁNICO', 'OR-102-08-05'),
(147, 'NINA GUTIERREZ HUGO', '2018-12-08 11:49:55', '0000-00-00 00:00:00', 9, 1, 'ACEPTADO', '2952232', 'Sc', 'MASCULINO', '102-APROQUIRY-CT', 'ORGÁNICO', 'OR-1O2-08-O6'),
(148, 'NINA GUTIERREZ FAUSTO', '2018-12-08 11:51:20', '0000-00-00 00:00:00', 9, 1, 'ACEPTADO', '3526227', 'Or', 'MASCULINO', '102-APROQUIRY-CT', 'ORGÁNICO', 'OR-102-08-07'),
(149, 'NINA MAMANI BERNARDO', '2018-12-08 11:52:04', '0000-00-00 00:00:00', 9, 1, 'ACEPTADO', '4425698', 'Cbba', 'MASCULINO', '102-APROQUIRY-CT', 'ORGÁNICO', 'OR-102-08-08'),
(150, 'NINA CHILA WILDER', '2018-12-08 11:53:05', '0000-00-00 00:00:00', 9, 1, 'ACEPTADO', '7308802', 'Or', 'MASCULINO', '102-APROQUIRY-CT', 'ORGÁNICO', 'OR-102-08-09'),
(151, 'LUCANA TORREZ MAIDA MARIBEL', '2018-12-08 11:54:02', '0000-00-00 00:00:00', 10, 1, 'ACEPTADO', '7405028', 'Or', 'FEMENINO', '102-APROQUIRY-CT', 'ORGÁNICO', 'OR-102-11-01'),
(152, 'ARCAYNE MAMANI FIDENCIO', '2018-12-08 11:54:59', '0000-00-00 00:00:00', 10, 1, 'ACEPTADO', '3522475', 'Or', 'MASCULINO', '102-APROQUIRY-CT', 'ORGÁNICO', 'OR-102-11-02'),
(153, 'ARCAYNE MAMANI ALFREDO', '2018-12-08 11:56:02', '0000-00-00 00:00:00', 10, 1, 'ACEPTADO', '3045316', 'Or', 'MASCULINO', '102-APROQUIRY-CT', 'ORGÁNICO', 'OR-102-11-03'),
(154, 'ARCAYNE MONTOYA JUAN MIGUEL', '2018-12-08 11:57:03', '0000-00-00 00:00:00', 10, 1, 'ACEPTADO', '5060724', 'Or', 'MASCULINO', '102-APROQUIRY-CT', 'ORGÁNICO', 'OR-1Ü2-11-04'),
(155, 'ARCAYNE MAMANI CLODOVEO', '2018-12-08 11:57:46', '0000-00-00 00:00:00', 10, 1, 'ACEPTADO', '2319742', 'Lp', 'MASCULINO', '102-APROQUIRY-CT', 'ORGÁNICO', 'OR-102-11-05'),
(156, 'ARCAYNE HUAYLLANI WENSISLAO', '2018-12-08 11:58:34', '0000-00-00 00:00:00', 10, 1, 'ACEPTADO', '2740697', 'Or', 'MASCULINO', '102-APROQUIRY-CT', 'ORGÁNICO', 'OR-102-11-06'),
(157, 'QUISPE CANAVIRI CANDIDO	', '2018-12-08 11:59:21', '0000-00-00 00:00:00', 10, 1, 'ACEPTADO', '5061802', 'Or', 'MASCULINO', '102-APROQUIRY-CT', 'ORGÁNICO', 'OR-102-11-07'),
(158, 'TORREZ OLAQUE DE LUCANA SANTUSA', '2018-12-08 12:00:10', '0000-00-00 00:00:00', 10, 1, 'ACEPTADO', '2992194', 'Sc', 'FEMENINO', '102-APROQUIRY-CT', 'ORGÁNICO', 'OR-102-11-14'),
(159, 'LUCANA TORREZ DIONICIO', '2018-12-08 12:01:01', '0000-00-00 00:00:00', 10, 1, 'ACEPTADO', '5761529', 'Or', 'MASCULINO', '102-APROQUIRY-CT', 'ORGÁNICO', 'OR-102-11-16'),
(160, 'ARCAYNE MAMANI BONNY', '2018-12-08 12:02:20', '0000-00-00 00:00:00', 10, 1, 'ACEPTADO', '4066645', 'Or', 'MASCULINO', '102-APROQUIRY-CT', 'ORGÁNICO', 'OR-1Ü2-11-09'),
(161, 'QUISPE CANAVIRI IRINEO', '2018-12-08 12:03:04', '0000-00-00 00:00:00', 10, 1, 'ACEPTADO', '685662', 'Or', 'MASCULINO', '102-APROQUIRY-CT', 'ORGÁNICO', 'OR-102-11-08'),
(162, 'QUISPE CALANI NANCY', '2018-12-08 12:04:40', '0000-00-00 00:00:00', 10, 1, 'ACEPTADO', '5746830', 'Or', 'FEMENINO', '102-APROQUIRY-CT', 'ORGÁNICO', 'OR-102-11-10'),
(163, 'NINA GARCIA MARLENE', '2018-12-08 12:05:28', '0000-00-00 00:00:00', 10, 1, 'ACEPTADO', '7342673', 'Or', 'FEMENINO', '102-APROQUIRY-CT', 'ORGÁNICO', 'OR-102-11-13'),
(164, 'ARCAYNE NINA ADALBERTO', '2018-12-08 12:06:39', '0000-00-00 00:00:00', 10, 1, 'ACEPTADO', '12489464', 'Or', 'MASCULINO', '102-APROQUIRY-CT', 'ORGÁNICO', 'OR-102-11-18'),
(165, 'QUISPE CALANI GERMAN', '2018-12-08 12:07:32', '0000-00-00 00:00:00', 10, 1, 'ACEPTADO', '7320961', 'Or', 'MASCULINO', '102-APROQUIRY-CT', 'ORGÁNICO', 'OR-102-11-11'),
(166, 'ARCAYNE MAMANI SERVANDO', '2018-12-08 12:08:12', '0000-00-00 00:00:00', 10, 1, 'ACEPTADO', '3533627', 'Or', 'MASCULINO', '102-APROQUIRY-CT', 'ORGÁNICO', 'OR-102-11-12'),
(167, 'ARCAYNE MAMANI ADALID', '2018-12-08 12:09:03', '0000-00-00 00:00:00', 10, 1, 'ACEPTADO', '12489984', 'Or', 'MASCULINO', '102-APROQUIRY-CT', 'ORGÁNICO', 'OR-102-11-17'),
(168, 'QUISPE ARCAYNE JESUS', '2018-12-08 12:10:02', '0000-00-00 00:00:00', 10, 1, 'ACEPTADO', '13028925', 'Or', 'MASCULINO', '102-APROQUIRY-CT', 'ORGÁNICO', 'OR-102-11-15'),
(169, 'PANAMA MAMANI AMELIA', '2018-12-08 12:11:31', '0000-00-00 00:00:00', 11, 1, 'ACEPTADO', '2739825', 'Or', 'FEMENINO', '102-APROQUIRY-CT', 'ORGÁNICO', 'OR-102-17-01'),
(170, 'MAMANI GARCIA PANFILO', '2018-12-08 12:12:21', '0000-00-00 00:00:00', 11, 1, 'ACEPTADO', '2757322', 'Or', 'MASCULINO', '102-APROQUIRY-CT', 'ORGÁNICO', 'OR-102-17-02'),
(171, 'HUARACHI HUARACHI DESIDERIO', '2018-12-08 12:15:39', '0000-00-00 00:00:00', 12, 1, 'ACEPTADO', '7346454', 'Or', 'MASCULINO', '102-APROQUIRY-CT', 'ORGÁNICO', 'OR-102-06-06'),
(172, 'ACHA HUARACHI MELITON', '2018-12-08 12:16:30', '0000-00-00 00:00:00', 12, 1, 'ACEPTADO', '1410297', 'Pt', 'MASCULINO', '102-APROQUIRY-CT', 'ORGÁNICO', 'OR-102-Q6-05'),
(173, 'HUARACHI MAMANI MODESTO', '2018-12-08 12:18:06', '0000-00-00 00:00:00', 12, 1, 'ACEPTADO', '5724960', 'Or', 'MASCULINO', '102-APROQUIRY-CT', 'ORGÁNICO', 'OR-102-06-03'),
(174, 'GARCIA HUARACHI MAURICIO', '2018-12-08 12:18:54', '0000-00-00 00:00:00', 12, 1, 'ACEPTADO', '5060738', 'Or', 'MASCULINO', '102-APROQUIRY-CT', 'ORGÁNICO', 'OR-102-06-04'),
(175, 'HUARACHI HUAYLLANI RUBEN NORMAN', '2018-12-08 12:20:19', '0000-00-00 00:00:00', 12, 1, 'ACEPTADO', '5251443', 'Or', 'MASCULINO', '102-APROQUIRY-CT', 'ORGÁNICO', 'OR-102-06-27'),
(176, 'HUARACHI CORO OSCAR', '2018-12-08 12:21:24', '0000-00-00 00:00:00', 12, 1, 'ACEPTADO', '1827238', 'Tj', 'MASCULINO', '102-APROQUIRY-CT', 'ORGÁNICO', 'OR-102-06-28'),
(177, 'HUARACHI MAMANI NAVEL', '2018-12-08 12:22:19', '0000-00-00 00:00:00', 12, 1, 'ACEPTADO', '3369305', 'Lp', 'MASCULINO', '102-APROQUIRY-CT', 'ORGÁNICO', 'OR-102-06-07'),
(178, 'GARCIA HUARACHI AURELIANO', '2018-12-08 12:23:22', '0000-00-00 00:00:00', 12, 1, 'ACEPTADO', '3041140', 'Or', 'MASCULINO', '102-APROQUIRY-CT', 'ORGÁNICO', 'OR-102-06-02'),
(179, 'MAYRE MEJIA JOSE LUIS', '2018-12-08 12:25:03', '0000-00-00 00:00:00', 12, 1, 'ACEPTADO', '4078589', 'Or', 'MASCULINO', '102-APROQUIRY-CT', 'ORGÁNICO', 'OR-102-06-08'),
(180, 'HUARACHI POMA ESTHER', '2018-12-08 12:29:49', '0000-00-00 00:00:00', 12, 1, 'ACEPTADO', '685620', 'Or', 'FEMENINO', '102-APROQUIRY-CT', 'ORGÁNICO', 'OR-1O2-06-O1'),
(181, 'GARCIA HUARACHI EVERGISTO', '2018-12-08 12:30:48', '0000-00-00 00:00:00', 12, 1, 'ACEPTADO', '7419205', 'Or', 'MASCULINO', '102-APROQUIRY-CT', 'ORGÁNICO', 'OR-102-06-09'),
(182, 'HUARACHI ARCAYNE EMIDEL', '2018-12-08 12:31:26', '0000-00-00 00:00:00', 12, 1, 'ACEPTADO', '4022871', 'Or', 'MASCULINO', '102-APROQUIRY-CT', 'ORGÁNICO', 'OR-102-06-11'),
(183, 'HUARACHI HUARACHI ZENON ELEUTERIO', '2018-12-08 12:32:14', '0000-00-00 00:00:00', 12, 1, 'ACEPTADO', '1293197', 'Pt', 'MASCULINO', '102-APROQUIRY-CT', 'ORGÁNICO', 'OR-102-06-12'),
(184, 'HUARACHI VELIZ CRISPIN', '2018-12-08 12:33:40', '0000-00-00 00:00:00', 12, 1, 'ACEPTADO', '2766391', 'Or', 'MASCULINO', '102-APROQUIRY-CT', 'ORGÁNICO', 'OR-102-06-13'),
(185, 'HUARACHI MAMANI PAUL', '2018-12-08 12:34:24', '0000-00-00 00:00:00', 12, 1, 'ACEPTADO', '3555614', 'Or', 'MASCULINO', '102-APROQUIRY-CT', 'ORGÁNICO', 'OR-102-06-24'),
(186, 'HUARACHI ARCAYNE GROVER', '2018-12-08 12:35:19', '0000-00-00 00:00:00', 12, 1, 'ACEPTADO', '4069628', 'Or', 'MASCULINO', '102-APROQUIRY-CT', 'ORGÁNICO', 'OR-102-06-14'),
(187, 'HUARACHI MAMANI JAIME', '2018-12-08 12:36:08', '0000-00-00 00:00:00', 12, 1, 'ACEPTADO', '685640', 'Or', 'MASCULINO', '102-APROQUIRY-CT', 'ORGÁNICO', 'OR-102-06-15'),
(188, 'HUARACHI GARCIA RUFINA', '2018-12-08 12:36:46', '0000-00-00 00:00:00', 12, 1, 'ACEPTADO', '685694', 'Or', 'FEMENINO', '102-APROQUIRY-CT', 'ORGÁNICO', 'OR-102-06-16'),
(189, 'HUARACHI FLORES SEMION', '2018-12-08 12:37:47', '0000-00-00 00:00:00', 12, 1, 'ACEPTADO', '627203', 'Or', 'MASCULINO', '102-APROQUIRY-CT', 'ORGÁNICO', 'OR-102-06-17'),
(190, 'HUARACHI FLORES BENJAMIN', '2018-12-08 12:38:31', '0000-00-00 00:00:00', 12, 1, 'ACEPTADO', '2738189', 'Or', 'MASCULINO', '102-APROQUIRY-CT', 'ORGÁNICO', 'OR-102-06-18'),
(191, 'HUARACHI CALLPA NELSON', '2018-12-08 12:39:16', '0000-00-00 00:00:00', 12, 1, 'ACEPTADO', '1365123', 'Or', 'MASCULINO', '102-APROQUIRY-CT', 'ORGÁNICO', 'OR-1O2-O6-20'),
(192, 'HUARACHI VILLCA NESTOR', '2018-12-08 12:40:12', '0000-00-00 00:00:00', 12, 1, 'ACEPTADO', '2799390', 'Or', 'MASCULINO', '102-APROQUIRY-CT', 'ORGÁNICO', 'OR-102-06-21'),
(193, 'HUARACHI POMA ADRIAN', '2018-12-08 12:40:58', '0000-00-00 00:00:00', 12, 1, 'ACEPTADO', '3073293', 'Or', 'MASCULINO', '102-APROQUIRY-CT', 'ORGÁNICO', 'OR-102-06-22'),
(194, 'HUARACHI MAMANI AUSBERTO', '2018-12-08 12:41:39', '0000-00-00 00:00:00', 12, 1, 'ACEPTADO', '5060951', 'Or', 'MASCULINO', '102-APROQUIRY-CT', 'ORGÁNICO', 'GR-102-06-23'),
(195, 'HUARACHI MAMANI 8ERNARDINO', '2018-12-08 12:42:25', '0000-00-00 00:00:00', 12, 1, 'ACEPTADO', '3044268', 'Or', 'MASCULINO', '102-APROQUIRY-CT', 'ORGÁNICO', 'OR-102-06-25'),
(196, 'GARCIA GARCIA BARTOLOME', '2018-12-08 12:43:07', '0000-00-00 00:00:00', 12, 1, 'ACEPTADO', '500302', 'Or', 'MASCULINO', '102-APROQUIRY-CT', 'ORGÁNICO', 'OR-102-06-26'),
(197, 'HUARACHI VELIZ EMILIO', '2018-12-08 12:43:47', '0000-00-00 00:00:00', 12, 1, 'ACEPTADO', '685661', 'Or', 'MASCULINO', '102-APROQUIRY-CT', 'ORGÁNICO', 'OR-102-06-29'),
(198, 'HUARACHI HUANCA DEMESIA', '2018-12-08 12:44:34', '0000-00-00 00:00:00', 12, 1, 'ACEPTADO', '5768199', 'Or', 'FEMENINO', '102-APROQUIRY-CT', 'TRANSICIÓN 2', 'OR-102-06-30'),
(199, 'HUARACHI CHOQUE FRANZ EVER', '2018-12-08 12:45:24', '0000-00-00 00:00:00', 12, 1, 'ACEPTADO', '7355332', 'Or', 'MASCULINO', '102-APROQUIRY-CT', 'TRANSICIÓN 1', 'OR-102-06-31'),
(200, 'HUARACHI CARI JAVIER', '2018-12-08 12:46:11', '0000-00-00 00:00:00', 12, 1, 'ACEPTADO', '1250726', 'Pt', 'MASCULINO', '102-APROQUIRY-CT', 'TRANSICIÓN 1', 'OR-102-06-32'),
(201, 'VILLCA HUARACHI GUIDO GERMAN', '2018-12-08 12:53:20', '0000-00-00 00:00:00', 13, 1, 'ACEPTADO', '4072446', 'Or', 'MASCULINO', '102-APROQUIRY-CT', 'ORGÁNICO', '4072446'),
(202, 'VILLCA HUARACHI CESAR', '2018-12-08 12:54:54', '0000-00-00 00:00:00', 13, 1, 'ACEPTADO', '5726201', 'Or', 'MASCULINO', '102-APROQUIRY-CT', 'ORGÁNICO', 'OR-102-15-03'),
(203, 'VILLCA JALLAZA CLEMENTE	', '2018-12-08 12:55:35', '0000-00-00 00:00:00', 13, 1, 'ACEPTADO', '5931400', 'Cbba', 'MASCULINO', '102-APROQUIRY-CT', 'ORGÁNICO', 'OR-102-15-04'),
(204, 'VILLCA MAMANI MARTIRIAN', '2018-12-08 12:56:21', '0000-00-00 00:00:00', 13, 1, 'ACEPTADO', '5739582', 'Or', 'MASCULINO', '102-APROQUIRY-CT', 'ORGÁNICO', 'OR-102-15-05'),
(205, 'VILLCA MAMANI ABEL', '2018-12-08 12:57:07', '0000-00-00 00:00:00', 13, 1, 'ACEPTADO', '5736628', 'Or', 'MASCULINO', '102-APROQUIRY-CT', 'ORGÁNICO', 'OR-102-15-02'),
(206, 'CALANI VELIZ MARIN ROMAN', '2018-12-08 12:58:09', '0000-00-00 00:00:00', 14, 1, 'ACEPTADO', '4024360', 'Or', 'MASCULINO', '102-APROQUIRY-CT', 'ORGÁNICO', 'OR-102-13-01'),
(207, 'CALANI VELIZ JORGE DAVID', '2018-12-08 12:58:55', '0000-00-00 00:00:00', 14, 1, 'ACEPTADO', '3537573', 'Or', 'MASCULINO', '102-APROQUIRY-CT', 'ORGÁNICO', 'OR-102-13-02'),
(209, 'VILLCA HUARACHI MARCELINO', '2018-12-08 13:00:19', '0000-00-00 00:00:00', 14, 1, 'ACEPTADO', '7275560', 'Or', 'MASCULINO', '102-APROQUIRY-CT', 'ORGÁNICO', 'OR-102-13-03'),
(210, 'VILLCA CALIZAYA MIGDONIO', '2018-12-08 13:01:01', '0000-00-00 00:00:00', 14, 1, 'ACEPTADO', '2387346', 'Lp', 'MASCULINO', '102-APROQUIRY-CT', 'ORGÁNICO', 'OR-102-13-04'),
(211, 'VILLCA HUARACHI EDWIN', '2018-12-08 13:01:48', '0000-00-00 00:00:00', 14, 1, 'ACEPTADO', '5069489', 'Or', 'MASCULINO', '102-APROQUIRY-CT', 'ORGÁNICO', 'OR-102-13-05'),
(212, 'ARCAYNE PUMA FIDELIA', '2018-12-08 13:02:42', '0000-00-00 00:00:00', 14, 1, 'ACEPTADO', '1986271', 'Sc', 'FEMENINO', '102-APROQUIRY-CT', 'ORGÁNICO', 'OR-102-13-06'),
(213, 'CALANI VILLCA ROMAN', '2018-12-08 13:04:04', '0000-00-00 00:00:00', 14, 1, 'ACEPTADO', '601102', 'Or', 'MASCULINO', '102-APROQUIRY-CT', 'ORGÁNICO', 'OR-102-13-07'),
(214, 'VELIZ MALLCU JHONNY', '2018-12-08 13:05:47', '0000-00-00 00:00:00', 15, 1, 'ACEPTADO', '7413500', 'Or', 'MASCULINO', '102-APROQUIRY-CT', 'ORGÁNICO', 'OR-1O2-03-O1'),
(215, 'VELIZ JUARES WENCESLAO	', '2018-12-08 13:06:45', '0000-00-00 00:00:00', 15, 1, 'ACEPTADO', '683927', 'Or', 'MASCULINO', '102-APROQUIRY-CT', 'ORGÁNICO', 'OR-102-03-02'),
(216, 'VELIZ MOREJON ADELA', '2018-12-08 13:07:29', '0000-00-00 00:00:00', 15, 1, 'ACEPTADO', '672489', 'Or', 'FEMENINO', '102-APROQUIRY-CT', 'ORGÁNICO', 'OR-102-03-03'),
(217, 'VELIZ MALLCU MELITON', '2018-12-08 13:08:13', '0000-00-00 00:00:00', 15, 1, 'ACEPTADO', '685677', 'Or', 'MASCULINO', '102-APROQUIRY-CT', 'ORGÁNICO', 'OR-102-03-04'),
(218, 'VELIZ GARCIA ELOY', '2018-12-08 13:09:14', '0000-00-00 00:00:00', 15, 1, 'ACEPTADO', '3529682', 'Or', 'MASCULINO', '102-APROQUIRY-CT', 'ORGÁNICO', 'OR-102-03-05'),
(219, 'VELIZ PEREZ CLAUDIA', '2018-12-08 13:10:11', '0000-00-00 00:00:00', 15, 1, 'ACEPTADO', '4053598', 'Or', 'FEMENINO', '102-APROQUIRY-CT', 'TRANSICIÓN 3', 'OR-102-03-07'),
(220, 'MAMANI VELIZ CLODOVEO', '2018-12-08 13:53:35', '0000-00-00 00:00:00', 16, 1, 'ACEPTADO', '3557692', 'Or', 'MASCULINO', '102-APROQUIRY-CT', 'ORGÁNICO', 'OR-102-02-01'),
(221, 'MAMANI HUANCA BERNARDO', '2018-12-08 13:55:29', '0000-00-00 00:00:00', 16, 1, 'ACEPTADO', '3555746', 'Or', 'MASCULINO', '102-APROQUIRY-CT', 'ORGÁNICO', 'OR-1O2-02-O3'),
(222, 'MEDINA GUTIERREZ EFRAIN', '2018-12-08 13:56:47', '0000-00-00 00:00:00', 15, 1, 'ACEPTADO', '2524387', 'Lp', 'MASCULINO', '102-APROQUIRY-CT', 'ORGÁNICO', 'OR-102-02-04'),
(223, 'CRUZ VILLCA NEMESIO', '2018-12-08 13:57:26', '0000-00-00 00:00:00', 16, 1, 'ACEPTADO', '3108362', 'Or', 'MASCULINO', '102-APROQUIRY-CT', 'ORGÁNICO', 'OR-102-02-06'),
(224, 'MAMANI VILLCA TEODOSIO', '2018-12-08 13:58:11', '0000-00-00 00:00:00', 16, 1, 'ACEPTADO', '471100', 'Lp', 'MASCULINO', '102-APROQUIRY-CT', 'ORGÁNICO', 'OR-102-02-05'),
(225, 'MAMANI CRUZ ZULMAISAURA', '2018-12-08 13:59:05', '0000-00-00 00:00:00', 16, 1, 'ACEPTADO', '5725508', 'Or', 'FEMENINO', '102-APROQUIRY-CT', 'ORGÁNICO', 'OR-102-02-12'),
(226, 'MAMANI CRUZ PITER ROMAN', '2018-12-08 13:59:53', '0000-00-00 00:00:00', 16, 1, 'ACEPTADO', '7337602', 'Or', 'MASCULINO', '102-APROQUIRY-CT', 'ORGÁNICO', 'OR-102-02-07'),
(227, 'MAMANI LUISA MILENA', '2018-12-08 14:00:37', '0000-00-00 00:00:00', 16, 1, 'ACEPTADO', '7343117', 'Or', 'FEMENINO', '102-APROQUIRY-CT', 'ORGÁNICO', 'OR-102-02-11'),
(228, 'CRUZ ZAHID', '2018-12-08 14:01:25', '0000-00-00 00:00:00', 16, 1, 'ACEPTADO', '7303474', 'Or', 'MASCULINO', '102-APROQUIRY-CT', 'ORGÁNICO', 'OR-102-02-16'),
(229, 'MAMANI MAMANI VITALIANO VIDAL', '2018-12-08 14:02:26', '0000-00-00 00:00:00', 16, 1, 'ACEPTADO', '7342880', 'Or', 'MASCULINO', '102-APROQUIRY-CT', 'ORGÁNICO', 'OR-102-02-02'),
(230, 'MAMANI MAMANI OMAR', '2018-12-08 14:03:23', '0000-00-00 00:00:00', 16, 1, 'ACEPTADO', '5759725', 'Or', 'MASCULINO', '102-APROQUIRY-CT', 'ORGÁNICO', 'OR-102-02-09'),
(231, 'CRUZ MAMANI ABUNDIO', '2018-12-08 14:04:02', '0000-00-00 00:00:00', 16, 1, 'ACEPTADO', '3101182', 'Or', 'MASCULINO', '102-APROQUIRY-CT', 'ORGÁNICO', 'OR-102-02-14'),
(232, 'CRUZ MAMANI ADEMAR', '2018-12-08 14:04:49', '0000-00-00 00:00:00', 16, 1, 'ACEPTADO', '5758219', 'Or', 'MASCULINO', '102-APROQUIRY-CT', 'ORGÁNICO', 'OR-102-02-08'),
(233, 'MEDINA CASTILLO LIZCIELO', '2018-12-08 14:05:47', '0000-00-00 00:00:00', 16, 1, 'ACEPTADO', '6852899', 'Lp', 'FEMENINO', '102-APROQUIRY-CT', 'ORGÁNICO', 'OR-1Q2-02-15'),
(234, 'VELIZ SALAS REMMY', '2018-12-08 14:06:47', '0000-00-00 00:00:00', 16, 1, 'ACEPTADO', '2231560', 'Lp', 'MASCULINO', '102-APROQUIRY-CT', 'TRANSICIÓN 1', 'OR-102-02-17'),
(235, 'NINA FERNANDEZ EMERCION CECILIO', '2018-12-08 14:08:08', '0000-00-00 00:00:00', 16, 1, 'ACEPTADO', '5061194', 'Or', 'MASCULINO', '102-APROQUIRY-CT', 'ORGÁNICO', 'OR-102-09-01'),
(236, 'NINA CHOQUETOPA ELOY NATZON', '2018-12-08 14:09:35', '0000-00-00 00:00:00', 17, 1, 'ACEPTADO', '5065637', 'Or', 'MASCULINO', '102-APROQUIRY-CT', 'ORGÁNICO', 'OR-102-09-02'),
(237, 'NINA GARCIA WALDO SANDRO', '2018-12-08 14:13:47', '0000-00-00 00:00:00', 17, 1, 'ACEPTADO', '3516538', 'Or', 'MASCULINO', '102-APROQUIRY-CT', 'ORGÁNICO', 'OR-102-09-04'),
(238, 'IGNACIO HUAYLLANI MILTON', '2018-12-12 14:51:52', '0000-00-00 00:00:00', 3, 1, '', '7336244', 'Or', 'MASCULINO', '102-APROQUIRY-CT', 'ORGÁNICO', '567');

-- --------------------------------------------------------

--
-- Estructura de tabla para la tabla `tipo`
--

CREATE TABLE `tipo` (
  `idtipo` int(11) NOT NULL,
  `nombre` varchar(35) NOT NULL
) ENGINE=InnoDB DEFAULT CHARSET=latin1;

--
-- Volcado de datos para la tabla `tipo`
--

INSERT INTO `tipo` (`idtipo`, `nombre`) VALUES
(1, 'PRESIDENTE'),
(2, 'VICEPRESIDENTE');

-- --------------------------------------------------------

--
-- Estructura de tabla para la tabla `tipomenu`
--

CREATE TABLE `tipomenu` (
  `idtipo` int(11) NOT NULL,
  `idmenu` int(11) NOT NULL
) ENGINE=InnoDB DEFAULT CHARSET=latin1;

--
-- Volcado de datos para la tabla `tipomenu`
--

INSERT INTO `tipomenu` (`idtipo`, `idmenu`) VALUES
(1, 1),
(1, 2),
(1, 9),
(1, 11),
(1, 12),
(1, 13),
(1, 14),
(1, 15),
(2, 5),
(2, 6),
(2, 7),
(2, 8),
(2, 9),
(2, 10),
(2, 15);

-- --------------------------------------------------------

--
-- Estructura de tabla para la tabla `usuario`
--

CREATE TABLE `usuario` (
  `idusuario` int(11) NOT NULL,
  `apellidos` varchar(35) NOT NULL,
  `nombres` varchar(35) NOT NULL,
  `celular` varchar(35) NOT NULL,
  `user` varchar(35) NOT NULL,
  `password` varchar(35) NOT NULL,
  `ci` varchar(20) NOT NULL,
  `idtipo` int(11) NOT NULL
) ENGINE=InnoDB DEFAULT CHARSET=latin1;

--
-- Volcado de datos para la tabla `usuario`
--

INSERT INTO `usuario` (`idusuario`, `apellidos`, `nombres`, `celular`, `user`, `password`, `ci`, `idtipo`) VALUES
(1, 'Puma Tarqui', 'Martha', '71307114', 'admin', 'admin', '3696663', 1),
(2, 'VICE', 'VICE', '1010', 'vice', 'vice', '1010', 2),
(3, 'Ignacio', 'MILTON', '456', 'milton', '12345', '7336244', 1);

--
-- Índices para tablas volcadas
--

--
-- Indices de la tabla `acopio`
--
ALTER TABLE `acopio`
  ADD PRIMARY KEY (`idacopio`),
  ADD KEY `idestimacion` (`idestimacion`),
  ADD KEY `iduser` (`idusuario`);

--
-- Indices de la tabla `comunidad`
--
ALTER TABLE `comunidad`
  ADD PRIMARY KEY (`idcomunidad`);

--
-- Indices de la tabla `estimacion`
--
ALTER TABLE `estimacion`
  ADD PRIMARY KEY (`idestimacion`),
  ADD KEY `idsocio` (`idsocio`,`idusuario`),
  ADD KEY `iduser` (`idusuario`);

--
-- Indices de la tabla `gasto`
--
ALTER TABLE `gasto`
  ADD PRIMARY KEY (`idgasto`),
  ADD KEY `idusuario` (`idusuario`);

--
-- Indices de la tabla `ingreso`
--
ALTER TABLE `ingreso`
  ADD PRIMARY KEY (`idingreso`),
  ADD KEY `idusuario` (`idusuario`);

--
-- Indices de la tabla `menu`
--
ALTER TABLE `menu`
  ADD PRIMARY KEY (`idmenu`);

--
-- Indices de la tabla `socio`
--
ALTER TABLE `socio`
  ADD PRIMARY KEY (`idsocio`),
  ADD UNIQUE KEY `nombreproductor` (`nombreproductor`),
  ADD KEY `idcomunidad` (`idcomunidad`),
  ADD KEY `idusuario` (`idusuario`);

--
-- Indices de la tabla `tipo`
--
ALTER TABLE `tipo`
  ADD PRIMARY KEY (`idtipo`);

--
-- Indices de la tabla `tipomenu`
--
ALTER TABLE `tipomenu`
  ADD PRIMARY KEY (`idtipo`,`idmenu`),
  ADD KEY `idmenu` (`idmenu`);

--
-- Indices de la tabla `usuario`
--
ALTER TABLE `usuario`
  ADD PRIMARY KEY (`idusuario`),
  ADD UNIQUE KEY `user` (`user`),
  ADD KEY `idtipo` (`idtipo`);

--
-- AUTO_INCREMENT de las tablas volcadas
--

--
-- AUTO_INCREMENT de la tabla `acopio`
--
ALTER TABLE `acopio`
  MODIFY `idacopio` int(11) NOT NULL AUTO_INCREMENT, AUTO_INCREMENT=27;

--
-- AUTO_INCREMENT de la tabla `comunidad`
--
ALTER TABLE `comunidad`
  MODIFY `idcomunidad` int(11) NOT NULL AUTO_INCREMENT, AUTO_INCREMENT=18;

--
-- AUTO_INCREMENT de la tabla `estimacion`
--
ALTER TABLE `estimacion`
  MODIFY `idestimacion` int(11) NOT NULL AUTO_INCREMENT, AUTO_INCREMENT=26;

--
-- AUTO_INCREMENT de la tabla `gasto`
--
ALTER TABLE `gasto`
  MODIFY `idgasto` int(11) NOT NULL AUTO_INCREMENT, AUTO_INCREMENT=7;

--
-- AUTO_INCREMENT de la tabla `ingreso`
--
ALTER TABLE `ingreso`
  MODIFY `idingreso` int(11) NOT NULL AUTO_INCREMENT, AUTO_INCREMENT=9;

--
-- AUTO_INCREMENT de la tabla `menu`
--
ALTER TABLE `menu`
  MODIFY `idmenu` int(11) NOT NULL AUTO_INCREMENT, AUTO_INCREMENT=16;

--
-- AUTO_INCREMENT de la tabla `socio`
--
ALTER TABLE `socio`
  MODIFY `idsocio` int(11) NOT NULL AUTO_INCREMENT, AUTO_INCREMENT=239;

--
-- AUTO_INCREMENT de la tabla `tipo`
--
ALTER TABLE `tipo`
  MODIFY `idtipo` int(11) NOT NULL AUTO_INCREMENT, AUTO_INCREMENT=3;

--
-- AUTO_INCREMENT de la tabla `usuario`
--
ALTER TABLE `usuario`
  MODIFY `idusuario` int(11) NOT NULL AUTO_INCREMENT, AUTO_INCREMENT=4;

--
-- Restricciones para tablas volcadas
--

--
-- Filtros para la tabla `acopio`
--
ALTER TABLE `acopio`
  ADD CONSTRAINT `acopio_ibfk_1` FOREIGN KEY (`idusuario`) REFERENCES `usuario` (`idusuario`),
  ADD CONSTRAINT `fk_idestimacion` FOREIGN KEY (`idestimacion`) REFERENCES `estimacion` (`idestimacion`) ON DELETE CASCADE ON UPDATE CASCADE;

--
-- Filtros para la tabla `estimacion`
--
ALTER TABLE `estimacion`
  ADD CONSTRAINT `fk_idsocio` FOREIGN KEY (`idsocio`) REFERENCES `socio` (`idsocio`) ON DELETE CASCADE ON UPDATE CASCADE;

--
-- Filtros para la tabla `gasto`
--
ALTER TABLE `gasto`
  ADD CONSTRAINT `gasto_ibfk_1` FOREIGN KEY (`idusuario`) REFERENCES `usuario` (`idusuario`);

--
-- Filtros para la tabla `ingreso`
--
ALTER TABLE `ingreso`
  ADD CONSTRAINT `fk_idusuario` FOREIGN KEY (`idusuario`) REFERENCES `usuario` (`idusuario`) ON DELETE CASCADE ON UPDATE CASCADE;

--
-- Filtros para la tabla `socio`
--
ALTER TABLE `socio`
  ADD CONSTRAINT `socio_ibfk_1` FOREIGN KEY (`idcomunidad`) REFERENCES `comunidad` (`idcomunidad`),
  ADD CONSTRAINT `socio_ibfk_2` FOREIGN KEY (`idusuario`) REFERENCES `usuario` (`idusuario`);

--
-- Filtros para la tabla `tipomenu`
--
ALTER TABLE `tipomenu`
  ADD CONSTRAINT `tipomenu_ibfk_1` FOREIGN KEY (`idmenu`) REFERENCES `menu` (`idmenu`),
  ADD CONSTRAINT `tipomenu_ibfk_2` FOREIGN KEY (`idtipo`) REFERENCES `tipo` (`idtipo`);

--
-- Filtros para la tabla `usuario`
--
ALTER TABLE `usuario`
  ADD CONSTRAINT `usuario_ibfk_1` FOREIGN KEY (`idtipo`) REFERENCES `tipo` (`idtipo`);
COMMIT;

/*!40101 SET CHARACTER_SET_CLIENT=@OLD_CHARACTER_SET_CLIENT */;
/*!40101 SET CHARACTER_SET_RESULTS=@OLD_CHARACTER_SET_RESULTS */;
/*!40101 SET COLLATION_CONNECTION=@OLD_COLLATION_CONNECTION */;
